-- phpMyAdmin SQL Dump
-- version 5.2.1
-- https://www.phpmyadmin.net/
--
-- Host: 127.0.0.1
-- Waktu pembuatan: 02 Jul 2025 pada 11.27
-- Versi server: 10.4.32-MariaDB
-- Versi PHP: 8.0.30

SET SQL_MODE = "NO_AUTO_VALUE_ON_ZERO";
START TRANSACTION;
SET time_zone = "+00:00";


/*!40101 SET @OLD_CHARACTER_SET_CLIENT=@@CHARACTER_SET_CLIENT */;
/*!40101 SET @OLD_CHARACTER_SET_RESULTS=@@CHARACTER_SET_RESULTS */;
/*!40101 SET @OLD_COLLATION_CONNECTION=@@COLLATION_CONNECTION */;
/*!40101 SET NAMES utf8mb4 */;

--
-- Database: `bengkel_service`
--

-- --------------------------------------------------------

--
-- Struktur dari tabel `detail_transaksi`
--

CREATE TABLE `detail_transaksi` (
  `id_detail` int(11) NOT NULL,
  `id_transaksi` int(11) DEFAULT NULL,
  `id_layanan` int(11) DEFAULT NULL,
  `qty` int(11) DEFAULT NULL,
  `subtotal` decimal(10,2) DEFAULT NULL
) ENGINE=InnoDB DEFAULT CHARSET=utf8mb4 COLLATE=utf8mb4_general_ci;

--
-- Dumping data untuk tabel `detail_transaksi`
--

INSERT INTO `detail_transaksi` (`id_detail`, `id_transaksi`, `id_layanan`, `qty`, `subtotal`) VALUES
(1, 1, 1, 1, 150000.00),
(2, 1, 3, 1, 50000.00),
(3, 2, 2, 1, 200000.00),
(4, 2, 4, 1, 250000.00),
(5, 3, 3, 1, 50000.00);

-- --------------------------------------------------------

--
-- Struktur dari tabel `kendaraan`
--

CREATE TABLE `kendaraan` (
  `id_kendaraan` int(11) NOT NULL,
  `id_pelanggan` int(11) DEFAULT NULL,
  `nomor_polisi` varchar(20) DEFAULT NULL,
  `merk` varchar(50) DEFAULT NULL,
  `tipe` varchar(50) DEFAULT NULL,
  `tahun` int(11) DEFAULT NULL
) ENGINE=InnoDB DEFAULT CHARSET=utf8mb4 COLLATE=utf8mb4_general_ci;

--
-- Dumping data untuk tabel `kendaraan`
--

INSERT INTO `kendaraan` (`id_kendaraan`, `id_pelanggan`, `nomor_polisi`, `merk`, `tipe`, `tahun`) VALUES
(1, 1, 'B 1234 CD', 'Toyota', 'Avanza', 2018),
(2, 2, 'D 5678 EF', 'Honda', 'Brio', 2020),
(3, 3, 'F 9876 GH', 'Suzuki', 'Ertiga', 2019);

-- --------------------------------------------------------

--
-- Struktur dari tabel `layanan`
--

CREATE TABLE `layanan` (
  `id_layanan` int(11) NOT NULL,
  `nama_layanan` varchar(100) DEFAULT NULL,
  `harga` decimal(10,2) DEFAULT NULL
) ENGINE=InnoDB DEFAULT CHARSET=utf8mb4 COLLATE=utf8mb4_general_ci;

--
-- Dumping data untuk tabel `layanan`
--

INSERT INTO `layanan` (`id_layanan`, `nama_layanan`, `harga`) VALUES
(1, 'Ganti Oli', 150000.00),
(2, 'Servis Rem', 200000.00),
(3, 'Cuci Mobil', 50000.00),
(4, 'Tune Up', 250000.00);

-- --------------------------------------------------------

--
-- Struktur dari tabel `pelanggan`
--

CREATE TABLE `pelanggan` (
  `id_pelanggan` int(11) NOT NULL,
  `nama` varchar(100) DEFAULT NULL,
  `alamat` text DEFAULT NULL,
  `no_hp` varchar(15) DEFAULT NULL
) ENGINE=InnoDB DEFAULT CHARSET=utf8mb4 COLLATE=utf8mb4_general_ci;

--
-- Dumping data untuk tabel `pelanggan`
--

INSERT INTO `pelanggan` (`id_pelanggan`, `nama`, `alamat`, `no_hp`) VALUES
(1, 'Rudi Hartono', 'Jl. Melati No. 12', '081234567890'),
(2, 'Siti Aminah', 'Jl. Kenanga No. 5', '082345678901'),
(3, 'Budi Santoso', 'Jl. Mawar No. 88', '083456789012');

-- --------------------------------------------------------

--
-- Struktur dari tabel `transaksi`
--

CREATE TABLE `transaksi` (
  `id_transaksi` int(11) NOT NULL,
  `id_pelanggan` int(11) DEFAULT NULL,
  `id_kendaraan` int(11) DEFAULT NULL,
  `tanggal` date DEFAULT NULL,
  `total_biaya` decimal(10,2) DEFAULT NULL
) ENGINE=InnoDB DEFAULT CHARSET=utf8mb4 COLLATE=utf8mb4_general_ci;

--
-- Dumping data untuk tabel `transaksi`
--

INSERT INTO `transaksi` (`id_transaksi`, `id_pelanggan`, `id_kendaraan`, `tanggal`, `total_biaya`) VALUES
(1, 1, 1, '2025-06-20', 200000.00),
(2, 2, 2, '2025-06-21', 300000.00),
(3, 3, 3, '2025-06-22', 50000.00);

--
-- Indexes for dumped tables
--

--
-- Indeks untuk tabel `detail_transaksi`
--
ALTER TABLE `detail_transaksi`
  ADD PRIMARY KEY (`id_detail`),
  ADD KEY `id_transaksi` (`id_transaksi`),
  ADD KEY `id_layanan` (`id_layanan`);

--
-- Indeks untuk tabel `kendaraan`
--
ALTER TABLE `kendaraan`
  ADD PRIMARY KEY (`id_kendaraan`),
  ADD KEY `id_pelanggan` (`id_pelanggan`);

--
-- Indeks untuk tabel `layanan`
--
ALTER TABLE `layanan`
  ADD PRIMARY KEY (`id_layanan`);

--
-- Indeks untuk tabel `pelanggan`
--
ALTER TABLE `pelanggan`
  ADD PRIMARY KEY (`id_pelanggan`);

--
-- Indeks untuk tabel `transaksi`
--
ALTER TABLE `transaksi`
  ADD PRIMARY KEY (`id_transaksi`),
  ADD KEY `id_pelanggan` (`id_pelanggan`),
  ADD KEY `id_kendaraan` (`id_kendaraan`);

--
-- AUTO_INCREMENT untuk tabel yang dibuang
--

--
-- AUTO_INCREMENT untuk tabel `detail_transaksi`
--
ALTER TABLE `detail_transaksi`
  MODIFY `id_detail` int(11) NOT NULL AUTO_INCREMENT, AUTO_INCREMENT=6;

--
-- AUTO_INCREMENT untuk tabel `kendaraan`
--
ALTER TABLE `kendaraan`
  MODIFY `id_kendaraan` int(11) NOT NULL AUTO_INCREMENT, AUTO_INCREMENT=4;

--
-- AUTO_INCREMENT untuk tabel `layanan`
--
ALTER TABLE `layanan`
  MODIFY `id_layanan` int(11) NOT NULL AUTO_INCREMENT, AUTO_INCREMENT=5;

--
-- AUTO_INCREMENT untuk tabel `pelanggan`
--
ALTER TABLE `pelanggan`
  MODIFY `id_pelanggan` int(11) NOT NULL AUTO_INCREMENT, AUTO_INCREMENT=4;

--
-- AUTO_INCREMENT untuk tabel `transaksi`
--
ALTER TABLE `transaksi`
  MODIFY `id_transaksi` int(11) NOT NULL AUTO_INCREMENT, AUTO_INCREMENT=4;

--
-- Ketidakleluasaan untuk tabel pelimpahan (Dumped Tables)
--

--
-- Ketidakleluasaan untuk tabel `detail_transaksi`
--
ALTER TABLE `detail_transaksi`
  ADD CONSTRAINT `detail_transaksi_ibfk_1` FOREIGN KEY (`id_transaksi`) REFERENCES `transaksi` (`id_transaksi`),
  ADD CONSTRAINT `detail_transaksi_ibfk_2` FOREIGN KEY (`id_layanan`) REFERENCES `layanan` (`id_layanan`);

--
-- Ketidakleluasaan untuk tabel `kendaraan`
--
ALTER TABLE `kendaraan`
  ADD CONSTRAINT `kendaraan_ibfk_1` FOREIGN KEY (`id_pelanggan`) REFERENCES `pelanggan` (`id_pelanggan`);

--
-- Ketidakleluasaan untuk tabel `transaksi`
--
ALTER TABLE `transaksi`
  ADD CONSTRAINT `transaksi_ibfk_1` FOREIGN KEY (`id_pelanggan`) REFERENCES `pelanggan` (`id_pelanggan`),
  ADD CONSTRAINT `transaksi_ibfk_2` FOREIGN KEY (`id_kendaraan`) REFERENCES `kendaraan` (`id_kendaraan`);
COMMIT;

/*!40101 SET CHARACTER_SET_CLIENT=@OLD_CHARACTER_SET_CLIENT */;
/*!40101 SET CHARACTER_SET_RESULTS=@OLD_CHARACTER_SET_RESULTS */;
/*!40101 SET COLLATION_CONNECTION=@OLD_COLLATION_CONNECTION */;
